{
    "Customer": {
        "Speakers": [
            "Ramesh"
        ],
        "transcription": [
            "Hello Yeah No, no, no, but they are telling that food is not there Yes sir They told that food is not there That's what now, they told food is not there and we came out for food What will help you sir, other than this? They will do that only because they are telling food is not there They told that, no, no, food is not there they said Sir, I am not able to hear you sir Food is not there they said Yes Okay Okay sir, like I have told you like they have denied sir No, they are saying food is not there, you are telling, I am saying You ask them no, if they provided food or not They will provide food or not? You ask them whether they have provided food or not They said food is not there They have ordered lunch also, right? They have ordered lunch also, right? Can I please place a call and hold for two minutes? Yes, yes    has provided the company I'm not able to connect so that I just wanted to we did not order it we asked them then they said it's not there yes sir yes sir sir ype you"
        ],
        "SentimentScore": [
            0.11830357142857142
        ],
        "Subjectivity": [
            0.5870535714285714
        ],
        "SentimentType": [
            "Positive"
        ],
        "total_Call_Duration": [
            331.408
        ],
        "FileName": [
            "Ravi call 2_1_7362834935053356829_1_80.wav"
        ]
    },
    "Agent": {
        "Speakers": [
            "Rahul"
        ],
        "transcription": [
            "Good afternoon, my name is Ravi, I am calling from Make My Trip So, like you have requested for the cancellation, I have tried to convince the hotel as well as the area manager, the both have denied sir And also they have shared the mail that you have ordered the food and you are going to stay at hotel, right sir? So sir, I have tried to convince the hotel but they have denied sir, so your refund cannot be possible sir Okay sir, apart from this, can I help you any other thing sir? Sir, after the cancellation policy as I told you sir, it totally depends on the hotel decision sir If they agree, then only I can cancel the booking and provide the refund sir But as they have shared the denial in the mail In the mail sir, so I am very sorry for that sir What they are telling? Booking is not there? Food is not there? Okay sir, like I have told you like they have denied sir Sir, like they said in the mail, you have ordered for lunch also, right? Okay sir, I am just reconfirming from the hotel Can I please place a call and hold for two minutes? inform sir they are they are denied for the cancellation sir so like yes sir so apart from this can I help you in any other thing sir this is the only help I need but they have denied as I told you sir already like yes sir hotel has denied for the cancellation sir that's what I'm telling yes sir so thank you with connecting with us sir"
        ],
        "SentimentScore": [
            0.14395604395604394
        ],
        "Subjectivity": [
            0.667032967032967
        ],
        "SentimentType": [
            "Positive"
        ],
        "total_Call_Duration": [
            331.408
        ],
        "FileName": [
            "Ravi call 2_1_7362834935053356829_1_80.wav"
        ]
    },
    "FileInfo": {
        "FileName": [
            "Ravi call 2_1_7362834935053356829_1_80.wav"
        ],
        "total_Call_Duration": [
            331.408
        ]
    }
}